HCCI_category,RX_generic_brand_indicator,HCCI_subcategory,HCCI_RX_detailed_subcategory,Year,spending_per_member,OOP_spending_per_member,price,OOP_price,utilization_per_1000,scripts_per_100
RX,All,Anti-Infectives,Antiretrovirals,2014,36.369,1.844,"1,258.54",63.821,28.898,24.614
RX,All,Anti-Infectives,Antiretrovirals,2015,41.739,2.223,"1,418.09",75.516,29.433,25.122
RX,All,Anti-Infectives,Antiretrovirals,2016,49.166,2.382,"1,633.07",79.106,30.106,26.286
RX,All,Anti-Infectives,Antiretrovirals,2017,57.182,2.907,"1,783.38",90.657,32.064,28.06
RX,All,Anti-Infectives,Antiretrovirals,2018,64.811,3.531,"1,923.34",104.795,33.697,29.525
RX,All,Anti-Infectives,Hepatitis C Antivirals,2014,20.699,0.164,"28,724.43",228.118,0.721,0.786
RX,All,Anti-Infectives,Hepatitis C Antivirals,2015,47.429,0.495,"32,745.73",342.097,1.448,1.638
RX,All,Anti-Infectives,Hepatitis C Antivirals,2016,31.156,0.328,"31,263.55",328.892,0.997,1.094
RX,All,Anti-Infectives,Hepatitis C Antivirals,2017,22.241,0.295,"29,677.78",393.173,0.749,0.815
RX,All,Anti-Infectives,Hepatitis C Antivirals,2018,15.508,0.274,"25,818.11",455.544,0.601,0.65
RX,All,Anti-Infectives,Other Prescription Drugs,2014,50.167,12.842,131.626,33.693,381.134,932.106
RX,All,Anti-Infectives,Other Prescription Drugs,2015,40.095,12.64,106.799,33.669,375.426,925.31
RX,All,Anti-Infectives,Other Prescription Drugs,2016,38.426,12.17,105.301,33.349,364.916,907.18
RX,All,Anti-Infectives,Other Prescription Drugs,2017,36.82,11.565,100.355,31.521,366.898,924.874
RX,All,Anti-Infectives,Other Prescription Drugs,2018,36.11,11.6,99.711,32.032,362.151,911.063
RX,All,Antihistamines,Other Prescription Drugs,2014,1.306,0.475,39.446,14.345,33.105,45.225
RX,All,Antihistamines,Other Prescription Drugs,2015,0.96,0.432,29.344,13.203,32.722,42.724
RX,All,Antihistamines,Other Prescription Drugs,2016,0.837,0.446,23.094,12.3,36.226,44.66
RX,All,Antihistamines,Other Prescription Drugs,2017,0.78,0.387,22.147,10.984,35.214,43.202
RX,All,Antihistamines,Other Prescription Drugs,2018,0.712,0.336,21.793,10.292,32.661,39.601
RX,All,Autonomic,Epi-Pens,2014,4.913,0.833,"1,113.17",188.632,4.413,12.948
RX,All,Autonomic,Epi-Pens,2015,6.969,0.986,"1,467.42",207.653,4.749,14.043
RX,All,Autonomic,Epi-Pens,2016,8.494,1.036,"1,819.65",222.027,4.668,13.615
RX,All,Autonomic,Epi-Pens,2017,6.77,0.823,"1,611.08",195.77,4.202,12.197
RX,All,Autonomic,Epi-Pens,2018,6.162,0.719,"1,685.71",196.651,3.655,10.772
RX,All,Autonomic,Other Prescription Drugs,2014,11.343,2.759,63.331,15.404,179.109,200.242
RX,All,Autonomic,Other Prescription Drugs,2015,12.258,2.555,66.823,13.929,183.445,203.009
RX,All,Autonomic,Other Prescription Drugs,2016,12.609,2.578,67.9,13.884,185.699,205.018
RX,All,Autonomic,Other Prescription Drugs,2017,13.226,2.44,68.802,12.693,192.228,211.319
RX,All,Autonomic,Other Prescription Drugs,2018,13.684,2.432,70.528,12.535,194.026,212.107
RX,All,Autonomic,Rescue Inhalers,2014,6.946,3.113,67.15,30.094,103.433,136.656
RX,All,Autonomic,Rescue Inhalers,2015,7.11,3.1,67.971,29.632,104.609,138.586
RX,All,Autonomic,Rescue Inhalers,2016,7.262,3.286,72.311,32.72,100.428,133.519
RX,All,Autonomic,Rescue Inhalers,2017,7.595,3.834,74.34,37.524,102.164,136.153
RX,All,Autonomic,Rescue Inhalers,2018,7.742,3.877,75.896,38.005,102.013,136.487
RX,All,Bio Response Modifiers,Other Prescription Drugs,2014,46.557,1.357,"5,209.22",151.862,8.937,8.831
RX,All,Bio Response Modifiers,Other Prescription Drugs,2015,52.056,1.485,"5,732.87",163.581,9.08,9.005
RX,All,Bio Response Modifiers,Other Prescription Drugs,2016,55.482,1.474,"6,331.23",168.259,8.763,8.875
RX,All,Bio Response Modifiers,Other Prescription Drugs,2017,59.596,1.549,"6,847.88",178.032,8.703,8.804
RX,All,Bio Response Modifiers,Other Prescription Drugs,2018,57.754,1.608,"7,173.78",199.788,8.051,8.159
RX,All,Blood,Anticoagulants,2014,6.878,0.966,149.76,21.026,45.93,40.049
RX,All,Blood,Anticoagulants,2015,8.08,1.091,169.251,22.848,47.741,40.622
RX,All,Blood,Anticoagulants,2016,9.833,1.305,199.473,26.475,49.296,41.776
RX,All,Blood,Anticoagulants,2017,12.25,1.615,231.925,30.569,52.817,44.131
RX,All,Blood,Anticoagulants,2018,14.826,1.997,267.365,36.007,55.453,45.39
RX,All,Blood,Hematopoietics,2014,2.879,0.052,"4,844.83",86.956,0.594,0.85
RX,All,Blood,Hematopoietics,2015,3.036,0.055,"5,441.24",98.766,0.558,0.806
RX,All,Blood,Hematopoietics,2016,3.037,0.06,"5,886.89",116.48,0.516,0.76
RX,All,Blood,Hematopoietics,2017,3.228,0.067,"6,191.46",128.775,0.521,0.752
RX,All,Blood,Hematopoietics,2018,3.62,0.07,"6,836.04",133.03,0.53,0.765
RX,All,Blood,Hemostatics,2014,8.372,0.072,"16,114.34",138.302,0.52,1.41
RX,All,Blood,Hemostatics,2015,10.376,0.082,"21,596.02",170.462,0.48,1.393
RX,All,Blood,Hemostatics,2016,11.638,0.091,"23,334.93",182.521,0.499,1.402
RX,All,Blood,Hemostatics,2017,11.311,0.111,"22,090.00",215.987,0.512,1.407
RX,All,Blood,Hemostatics,2018,11.102,0.117,"19,597.77",206.33,0.567,1.565
RX,All,Blood,Other Prescription Drugs,2014,2.691,0.673,53.322,13.335,50.476,37.798
RX,All,Blood,Other Prescription Drugs,2015,2.767,0.61,57.074,12.59,48.487,35.398
RX,All,Blood,Other Prescription Drugs,2016,3.293,0.668,69.511,14.099,47.374,34.75
RX,All,Blood,Other Prescription Drugs,2017,3.702,0.701,77.478,14.67,47.785,34.767
RX,All,Blood,Other Prescription Drugs,2018,3.135,0.636,66.158,13.415,47.392,33.243
RX,All,Cardiovascular,ACE Inhibitors,2014,3.574,2.55,7.49,5.343,477.167,330.435
RX,All,Cardiovascular,ACE Inhibitors,2015,3.459,2.418,7.22,5.049,479.007,322.736
RX,All,Cardiovascular,ACE Inhibitors,2016,3.322,2.368,6.905,4.921,481.067,324.412
RX,All,Cardiovascular,ACE Inhibitors,2017,3.264,2.147,6.59,4.334,495.277,327.913
RX,All,Cardiovascular,ACE Inhibitors,2018,2.946,1.95,5.902,3.907,499.194,319.106
RX,All,Cardiovascular,ARBs,2014,13.343,4.575,44.715,15.332,298.398,216.913
RX,All,Cardiovascular,ARBs,2015,10.594,3.686,34.475,11.996,307.291,218.087
RX,All,Cardiovascular,ARBs,2016,10.023,3.497,31.429,10.966,318.91,225.288
RX,All,Cardiovascular,ARBs,2017,8.397,3.187,24.738,9.389,339.427,234.464
RX,All,Cardiovascular,ARBs,2018,6.849,3.019,18.926,8.343,361.888,240.452
RX,All,Cardiovascular,Beta Blockers,2014,8.125,3.821,20.417,9.601,397.978,287.529
RX,All,Cardiovascular,Beta Blockers,2015,8.009,3.576,20.304,9.065,394.448,278.04
RX,All,Cardiovascular,Beta Blockers,2016,8.101,3.661,20.605,9.312,393.152,277.801
RX,All,Cardiovascular,Beta Blockers,2017,8.339,3.565,20.683,8.842,403.213,282.442
RX,All,Cardiovascular,Beta Blockers,2018,8.33,3.555,20.332,8.678,409.707,278.238
RX,All,Cardiovascular,CCBs,2014,5.72,2.483,20.413,8.862,280.201,203.78
RX,All,Cardiovascular,CCBs,2015,4.702,2.215,16.691,7.862,281.736,198.058
RX,All,Cardiovascular,CCBs,2016,4.197,2.069,14.585,7.189,287.755,201.353
RX,All,Cardiovascular,CCBs,2017,3.97,1.944,13.143,6.434,302.092,206.997
RX,All,Cardiovascular,CCBs,2018,3.852,1.92,12.174,6.068,316.419,209.393
RX,All,Cardiovascular,Other Hyperlipidemia,2014,16.372,3.268,119.084,23.772,137.484,95.794
RX,All,Cardiovascular,Other Hyperlipidemia,2015,14.1,2.629,117.946,21.988,119.548,81.488
RX,All,Cardiovascular,Other Hyperlipidemia,2016,12.729,2.423,116.061,22.096,109.671,74.877
RX,All,Cardiovascular,Other Hyperlipidemia,2017,10.132,1.963,97.316,18.857,104.113,70.323
RX,All,Cardiovascular,Other Hyperlipidemia,2018,7.182,1.714,71.566,17.081,100.358,66.205
RX,All,Cardiovascular,Other Prescription Drugs,2014,5.409,1.341,43.145,10.696,125.362,98.803
RX,All,Cardiovascular,Other Prescription Drugs,2015,4.326,1.234,34.124,9.732,126.76,98.111
RX,All,Cardiovascular,Other Prescription Drugs,2016,4.389,1.242,33.95,9.606,129.272,100.3
RX,All,Cardiovascular,Other Prescription Drugs,2017,4.458,1.213,32.499,8.843,137.178,105.882
RX,All,Cardiovascular,Other Prescription Drugs,2018,4.467,1.262,30.916,8.733,144.481,108.785
RX,All,Cardiovascular,PCSK9,2015,0.016,0.001,"1,237.90",98.118,0.013,0.013
RX,All,Cardiovascular,PCSK9,2016,0.515,0.054,"1,214.53",127.597,0.424,0.446
RX,All,Cardiovascular,PCSK9,2017,1.065,0.115,"1,218.78",131.759,0.874,0.917
RX,All,Cardiovascular,PCSK9,2018,1.915,0.204,"1,188.23",126.673,1.611,1.675
RX,All,Cardiovascular,Statins,2014,26.828,7.728,38.843,11.19,690.673,472.431
RX,All,Cardiovascular,Statins,2015,26.166,7.157,38.296,10.475,683.253,452.088
RX,All,Cardiovascular,Statins,2016,23.037,6.532,33.958,9.628,678.398,447.548
RX,All,Cardiovascular,Statins,2017,13.235,5.642,18.859,8.039,701.779,455.434
RX,All,Cardiovascular,Statins,2018,11.73,5.155,16.369,7.193,716.615,449.173
RX,All,Cardiovascular,Viagra,2014,6.311,2.039,203.567,65.765,31.003,37.558
RX,All,Cardiovascular,Viagra,2015,7.59,2.195,227.252,65.722,33.398,38.582
RX,All,Cardiovascular,Viagra,2016,8.653,2.175,265.791,66.814,32.554,36.605
RX,All,Cardiovascular,Viagra,2017,9.582,2.031,316.842,67.159,30.241,33.645
RX,All,Cardiovascular,Viagra,2018,8.065,1.489,294.411,54.353,27.395,29.858
RX,All,Central Nervous System,Ambien,2014,4.914,1.817,31.601,11.682,155.506,151.572
RX,All,Central Nervous System,Ambien,2015,3.136,1.46,20.895,9.727,150.097,145.273
RX,All,Central Nervous System,Ambien,2016,3.061,1.445,20.792,9.815,147.211,142.824
RX,All,Central Nervous System,Ambien,2017,2.876,1.336,19.382,9.004,148.365,144.542
RX,All,Central Nervous System,Ambien,2018,2.755,1.308,18.775,8.913,146.714,143.688
RX,All,Central Nervous System,Amphetamines,2014,21.133,4.634,144.062,31.592,146.694,139.453
RX,All,Central Nervous System,Amphetamines,2015,22.42,5.124,143.513,32.802,156.224,149.421
RX,All,Central Nervous System,Amphetamines,2016,25.542,5.72,152.811,34.222,167.149,160.753
RX,All,Central Nervous System,Amphetamines,2017,27.583,6.261,155.947,35.401,176.872,170.973
RX,All,Central Nervous System,Amphetamines,2018,29.199,6.666,160.094,36.549,182.389,176.931
RX,All,Central Nervous System,Anti-convulsants,2014,18.557,3.675,80.911,16.024,229.348,192.722
RX,All,Central Nervous System,Anti-convulsants,2015,18.79,3.506,79.204,14.778,237.236,196.142
RX,All,Central Nervous System,Anti-convulsants,2016,20.063,3.554,80.672,14.289,248.693,205.758
RX,All,Central Nervous System,Anti-convulsants,2017,21.879,3.687,82.43,13.892,265.425,218.941
RX,All,Central Nervous System,Anti-convulsants,2018,23.362,3.902,85.292,14.246,273.904,221.779
RX,All,Central Nervous System,Anti-depressants,2014,30.889,10.115,34.065,11.155,906.763,724.131
RX,All,Central Nervous System,Anti-depressants,2015,27.134,9.875,29.239,10.641,927.997,727.218
RX,All,Central Nervous System,Anti-depressants,2016,27.369,10.179,28.405,10.565,963.541,755.562
RX,All,Central Nervous System,Anti-depressants,2017,25.986,10.112,25.106,9.77,"1,035.08",802.922
RX,All,Central Nervous System,Anti-depressants,2018,23.944,10.114,22.018,9.301,"1,087.49",815.786
RX,All,Central Nervous System,Anti-psychotics,2014,20.117,2.224,320.419,35.422,62.782,55.57
RX,All,Central Nervous System,Anti-psychotics,2015,18.949,1.938,301.401,30.825,62.868,55.551
RX,All,Central Nervous System,Anti-psychotics,2016,16.427,1.727,247.284,26,66.428,58.678
RX,All,Central Nervous System,Anti-psychotics,2017,13.512,1.632,188.325,22.746,71.749,63.23
RX,All,Central Nervous System,Anti-psychotics,2018,13.659,1.711,183.866,23.035,74.285,65.271
RX,All,Central Nervous System,Benzos,2014,3.325,1.947,14.238,8.338,233.555,267.358
RX,All,Central Nervous System,Benzos,2015,3.425,1.79,15.299,7.998,223.853,255.944
RX,All,Central Nervous System,Benzos,2016,3.569,1.72,16.658,8.027,214.229,246.192
RX,All,Central Nervous System,Benzos,2017,3.515,1.282,17.04,6.214,206.271,238.889
RX,All,Central Nervous System,Benzos,2018,3.474,1.083,18.39,5.735,188.901,220.674
RX,All,Central Nervous System,Narcan,2014,0.231,0.039,147.217,24.901,1.569,1.508
RX,All,Central Nervous System,Narcan,2015,0.281,0.046,139.374,22.911,2.016,1.924
RX,All,Central Nervous System,Narcan,2016,0.707,0.069,289.166,28.385,2.445,2.341
RX,All,Central Nervous System,Narcan,2017,0.637,0.086,190.032,25.682,3.354,3.286
RX,All,Central Nervous System,Narcan,2018,0.678,0.095,160.601,22.457,4.224,4.358
RX,All,Central Nervous System,NSAIDs,2014,12.908,3.376,57.251,14.974,225.455,259.062
RX,All,Central Nervous System,NSAIDs,2015,10.607,3.001,46.165,13.063,229.759,262.747
RX,All,Central Nervous System,NSAIDs,2016,11.483,3.01,49.454,12.965,232.187,266.356
RX,All,Central Nervous System,NSAIDs,2017,10.13,2.89,41.704,11.896,242.905,277.89
RX,All,Central Nervous System,NSAIDs,2018,10.749,2.702,43.28,10.882,248.351,284.199
RX,All,Central Nervous System,Opioids,2014,25.887,6.161,100.03,23.807,258.797,507.767
RX,All,Central Nervous System,Opioids,2015,23.724,5.595,99.509,23.466,238.415,457.753
RX,All,Central Nervous System,Opioids,2016,21.448,5.237,96.048,23.451,223.305,425.341
RX,All,Central Nervous System,Opioids,2017,18.136,4.371,88.782,21.396,204.276,390.378
RX,All,Central Nervous System,Opioids,2018,14.339,3.361,92.528,21.69,154.972,312.09
RX,All,Central Nervous System,Other Prescription Drugs,2014,34.185,6.141,181.33,32.575,188.523,205.738
RX,All,Central Nervous System,Other Prescription Drugs,2015,33.709,5.767,183.491,31.392,183.707,200.143
RX,All,Central Nervous System,Other Prescription Drugs,2016,33.793,5.52,184.152,30.079,183.505,197.521
RX,All,Central Nervous System,Other Prescription Drugs,2017,32.854,5.373,176.223,28.82,186.436,200.371
RX,All,Central Nervous System,Other Prescription Drugs,2018,31.371,5.257,166.506,27.899,188.41,200.096
RX,All,Chemotherapy,Other Prescription Drugs,2014,32.549,1.056,628.287,20.379,51.806,42.996
RX,All,Chemotherapy,Other Prescription Drugs,2015,38.41,0.992,731.035,18.883,52.542,42.816
RX,All,Chemotherapy,Other Prescription Drugs,2016,46.288,1.075,848.618,19.702,54.545,44.731
RX,All,Chemotherapy,Other Prescription Drugs,2017,54.61,0.99,"1,084.76",19.655,50.343,41.671
RX,All,Chemotherapy,Other Prescription Drugs,2018,63.904,1.102,"1,443.00",24.877,44.285,38.28
RX,All,Devices,Other Prescription Drugs,2014,3.146,0.995,37.213,11.773,84.528,63.367
RX,All,Devices,Other Prescription Drugs,2015,3.668,1.008,42.515,11.687,86.271,63.449
RX,All,Devices,Other Prescription Drugs,2016,3.664,1.046,42.308,12.073,86.609,61.908
RX,All,Devices,Other Prescription Drugs,2017,4.244,1.059,46.768,11.672,90.738,62.431
RX,All,Devices,Other Prescription Drugs,2018,4.478,1.134,53.595,13.579,83.545,58.921
RX,All,Diagnostic,Diabetes,2014,9.815,1.554,115.057,18.217,85.308,66.545
RX,All,Diagnostic,Diabetes,2015,9.924,1.475,114.946,17.088,86.334,65.308
RX,All,Diagnostic,Diabetes,2016,8.973,1.309,114.282,16.676,78.515,57.337
RX,All,Diagnostic,Diabetes,2017,8.843,1.2,112.473,15.258,78.622,55.335
RX,All,Diagnostic,Diabetes,2018,7.016,1.088,109.637,17.002,63.993,48.353
RX,All,Diagnostic,Other Prescription Drugs,2014,2.042,0.024,"2,879.36",33.899,0.709,0.725
RX,All,Diagnostic,Other Prescription Drugs,2015,1.398,0.02,"1,999.65",28.055,0.699,0.665
RX,All,Diagnostic,Other Prescription Drugs,2016,1.978,0.018,"2,814.79",25.966,0.703,0.599
RX,All,Diagnostic,Other Prescription Drugs,2017,1.403,0.019,"2,015.95",27.296,0.696,0.582
RX,All,Diagnostic,Other Prescription Drugs,2018,1.151,0.015,"1,636.02",21.35,0.703,0.586
RX,All,EENT,Other Prescription Drugs,2014,20.818,7.138,69.302,23.763,300.4,328.087
RX,All,EENT,Other Prescription Drugs,2015,19.114,6.054,80.813,25.596,236.521,269.084
RX,All,EENT,Other Prescription Drugs,2016,18.157,5.522,87.005,26.459,208.69,240.733
RX,All,EENT,Other Prescription Drugs,2017,18.523,5.385,86.927,25.271,213.092,246.181
RX,All,EENT,Other Prescription Drugs,2018,18.349,5.41,87.425,25.778,209.886,242.992
RX,All,Enzymes,Other Prescription Drugs,2014,1.08,0.017,"14,590.65",229.373,0.074,0.085
RX,All,Enzymes,Other Prescription Drugs,2015,1.158,0.017,"14,346.35",215.227,0.081,0.091
RX,All,Enzymes,Other Prescription Drugs,2016,2.053,0.021,"21,983.56",220.092,0.093,0.103
RX,All,Enzymes,Other Prescription Drugs,2017,2.415,0.024,"25,605.66",254.569,0.094,0.105
RX,All,Enzymes,Other Prescription Drugs,2018,2.622,0.032,"23,718.22",290.333,0.111,0.12
RX,All,Gastrointestinal,Other Prescription Drugs,2014,17.674,3.02,199.191,34.037,88.729,141.095
RX,All,Gastrointestinal,Other Prescription Drugs,2015,19.887,3.127,222.101,34.92,89.539,142.792
RX,All,Gastrointestinal,Other Prescription Drugs,2016,22.525,3.165,243.977,34.281,92.322,145.727
RX,All,Gastrointestinal,Other Prescription Drugs,2017,25.151,3.161,254.825,32.026,98.698,155.579
RX,All,Gastrointestinal,Other Prescription Drugs,2018,26.319,3.214,261.698,31.957,100.57,159.582
RX,All,Gastrointestinal,Proton-Pump Inhibitors,2014,19.288,4.872,57.888,14.623,333.195,255.643
RX,All,Gastrointestinal,Proton-Pump Inhibitors,2015,15.231,3.945,46.487,12.041,327.628,243.868
RX,All,Gastrointestinal,Proton-Pump Inhibitors,2016,13.566,3.641,42.511,11.409,319.114,236.738
RX,All,Gastrointestinal,Proton-Pump Inhibitors,2017,11.595,3.369,36.458,10.593,318.036,235.496
RX,All,Gastrointestinal,Proton-Pump Inhibitors,2018,9.346,3.112,29.717,9.897,314.486,225.274
RX,All,Heavy Metal Antagonists,Other Prescription Drugs,2014,1.069,0.018,"6,112.38",104.491,0.175,0.158
RX,All,Heavy Metal Antagonists,Other Prescription Drugs,2015,1.404,0.017,"8,613.62",106.76,0.163,0.148
RX,All,Heavy Metal Antagonists,Other Prescription Drugs,2016,1.609,0.018,"9,498.71",105.831,0.169,0.154
RX,All,Heavy Metal Antagonists,Other Prescription Drugs,2017,1.496,0.019,"9,567.85",120.072,0.156,0.149
RX,All,Heavy Metal Antagonists,Other Prescription Drugs,2018,1.654,0.018,"11,480.90",122.428,0.144,0.143
RX,All,Hormones,Contraceptives,2014,20.009,4.256,37.83,8.047,528.922,398.691
RX,All,Hormones,Contraceptives,2015,19.89,3.362,37.657,6.365,528.191,389.45
RX,All,Hormones,Contraceptives,2016,20.803,2.739,38.496,5.069,540.38,394.898
RX,All,Hormones,Contraceptives,2017,20.965,2.562,37.397,4.57,560.623,386.648
RX,All,Hormones,Contraceptives,2018,21.518,2.546,38.05,4.503,565.5,355.748
RX,All,Hormones,Diabetes,2014,34.601,5.697,83.686,13.779,413.462,294.093
RX,All,Hormones,Diabetes,2015,47.947,6.361,108.573,14.405,441.609,309.528
RX,All,Hormones,Diabetes,2016,58.485,7.069,124.397,15.036,470.148,329.969
RX,All,Hormones,Diabetes,2017,68.873,7.673,135.514,15.098,508.232,351.952
RX,All,Hormones,Diabetes,2018,78.81,8.422,150.046,16.034,525.238,354.928
RX,All,Hormones,Insulins,2014,44.433,4.205,383.564,36.304,115.842,86.681
RX,All,Hormones,Insulins,2015,51.786,4.18,447.204,36.095,115.8,85.062
RX,All,Hormones,Insulins,2016,56.221,4.22,484.173,36.34,116.118,85.378
RX,All,Hormones,Insulins,2017,59.573,4.278,506.514,36.372,117.613,85.35
RX,All,Hormones,Insulins,2018,62.566,4.539,509.808,36.988,122.724,88.683
RX,All,Hormones,Other Prescription Drugs,2014,33.976,8.025,113.467,26.802,299.437,342.046
RX,All,Hormones,Other Prescription Drugs,2015,32.317,7.357,113.103,25.748,285.732,334.677
RX,All,Hormones,Other Prescription Drugs,2016,32.798,7.201,117.623,25.824,278.837,333.744
RX,All,Hormones,Other Prescription Drugs,2017,34.586,7.02,118.611,24.074,291.59,350.551
RX,All,Hormones,Other Prescription Drugs,2018,35.109,7.024,116.054,23.218,302.521,358.124
RX,All,Hormones,Pituitary,2014,10.452,0.399,"1,982.87",75.697,5.271,5.094
RX,All,Hormones,Pituitary,2015,10.992,0.404,"2,102.75",77.288,5.228,5.061
RX,All,Hormones,Pituitary,2016,12.136,0.411,"2,328.74",78.931,5.212,5.119
RX,All,Hormones,Pituitary,2017,14.395,0.486,"2,621.73",88.526,5.491,5.381
RX,All,Hormones,Pituitary,2018,15.812,0.529,"2,876.93",96.203,5.496,5.395
RX,All,Hormones,Thyroid,2014,6.695,5.026,15.131,11.359,442.453,319.65
RX,All,Hormones,Thyroid,2015,7.359,5.298,16.35,11.771,450.07,317.611
RX,All,Hormones,Thyroid,2016,7.575,5.468,16.512,11.92,458.742,323.531
RX,All,Hormones,Thyroid,2017,7.749,5.471,16.311,11.517,475.083,329.254
RX,All,Hormones,Thyroid,2018,8.15,5.854,16.706,11.999,487.874,326.874
RX,All,Metabolic,Other Prescription Drugs,2014,4.853,1.716,16.155,5.713,300.417,217.26
RX,All,Metabolic,Other Prescription Drugs,2015,5.464,1.628,18.465,5.503,295.925,209.87
RX,All,Metabolic,Other Prescription Drugs,2016,5.798,1.608,19.707,5.466,294.192,209.74
RX,All,Metabolic,Other Prescription Drugs,2017,5.83,1.483,19.218,4.888,303.329,214.53
RX,All,Metabolic,Other Prescription Drugs,2018,5.557,1.448,18.08,4.71,307.346,211.194
RX,All,Miscellaneous,Other Prescription Drugs,2014,18.914,2.481,136.534,17.913,138.531,106.966
RX,All,Miscellaneous,Other Prescription Drugs,2015,21.22,2.378,152.546,17.093,139.107,105.925
RX,All,Miscellaneous,Other Prescription Drugs,2016,19.487,2.072,145.331,15.453,134.087,100.354
RX,All,Miscellaneous,Other Prescription Drugs,2017,19.753,2.058,143.184,14.917,137.954,102.03
RX,All,Miscellaneous,Other Prescription Drugs,2018,20.512,2.005,147.557,14.424,139.012,100.678
RX,All,Respiratory,CF,2014,4.324,0.108,"3,672.97",91.436,1.177,1.197
RX,All,Respiratory,CF,2015,7.199,0.151,"4,946.66",103.479,1.455,1.491
RX,All,Respiratory,CF,2016,10.552,0.189,"6,200.67",111.158,1.702,1.774
RX,All,Respiratory,CF,2017,12.497,0.231,"6,898.66",127.706,1.812,1.879
RX,All,Respiratory,CF,2018,12.697,0.284,"6,896.69",154.091,1.841,1.907
RX,All,Respiratory,Inhaled Corticosteroids,2014,22.743,3.917,233.231,40.168,97.514,80.113
RX,All,Respiratory,Inhaled Corticosteroids,2015,23.96,3.747,244.123,38.179,98.149,79.801
RX,All,Respiratory,Inhaled Corticosteroids,2016,26.468,4.193,260.05,41.2,101.779,83.808
RX,All,Respiratory,Inhaled Corticosteroids,2017,29.441,4.714,274.841,44.008,107.121,88.54
RX,All,Respiratory,Inhaled Corticosteroids,2018,31.466,5.08,291.119,47,108.087,89.046
RX,All,Respiratory,Other Prescription Drugs,2014,4.151,1.049,141.642,35.789,29.305,92.442
RX,All,Respiratory,Other Prescription Drugs,2015,5.503,1.031,188.899,35.399,29.131,92.855
RX,All,Respiratory,Other Prescription Drugs,2016,6.271,1.042,212.707,35.338,29.482,93.173
RX,All,Respiratory,Other Prescription Drugs,2017,7.333,1.03,240.721,33.798,30.462,97.944
RX,All,Respiratory,Other Prescription Drugs,2018,11.613,0.994,398.015,34.068,29.178,95.339
RX,All,Respiratory,Singular,2014,3.233,1.179,27.077,9.876,119.4,93.535
RX,All,Respiratory,Singular,2015,2.661,1.099,21.249,8.775,125.247,95.769
RX,All,Respiratory,Singular,2016,2.683,1.155,20.38,8.774,131.669,100.57
RX,All,Respiratory,Singular,2017,2.489,1.147,17.723,8.167,140.441,104.349
RX,All,Respiratory,Singular,2018,2.3,1.14,15.779,7.817,145.78,103.672
RX,All,Rheumatoid Arthritis,Other Prescription Drugs,2014,62.818,3.019,"2,762.52",132.767,22.739,22.524
RX,All,Rheumatoid Arthritis,Other Prescription Drugs,2015,80.244,3.602,"3,321.50",149.116,24.159,24.043
RX,All,Rheumatoid Arthritis,Other Prescription Drugs,2016,103.227,4.01,"3,996.30",155.26,25.831,26.044
RX,All,Rheumatoid Arthritis,Other Prescription Drugs,2017,127.066,4.793,"4,472.36",168.716,28.411,28.657
RX,All,Rheumatoid Arthritis,Other Prescription Drugs,2018,144.168,5.793,"4,784.63",192.263,30.132,30.302
RX,All,Skin,Other Prescription Drugs,2014,45.993,7.44,216.231,34.976,212.704,304.391
RX,All,Skin,Other Prescription Drugs,2015,55.277,8.432,262.409,40.027,210.65,297.478
RX,All,Skin,Other Prescription Drugs,2016,60.974,8.566,300.185,42.172,203.121,292.245
RX,All,Skin,Other Prescription Drugs,2017,67.494,8.573,334.595,42.502,201.72,288.441
RX,All,Skin,Other Prescription Drugs,2018,81.339,8.936,398.119,43.736,204.308,288.491
RX,All,Smooth Muscle Relaxants,Other Prescription Drugs,2014,2.757,0.619,103.434,23.229,26.655,20.221
RX,All,Smooth Muscle Relaxants,Other Prescription Drugs,2015,2.628,0.563,101.734,21.788,25.83,19.152
RX,All,Smooth Muscle Relaxants,Other Prescription Drugs,2016,2.75,0.566,108.859,22.411,25.264,18.766
RX,All,Smooth Muscle Relaxants,Other Prescription Drugs,2017,2.848,0.573,110.867,22.29,25.692,19.02
RX,All,Smooth Muscle Relaxants,Other Prescription Drugs,2018,2.754,0.572,108.386,22.502,25.406,18.553
RX,All,Vaccines,Other Prescription Drugs,2014,1.382,0.053,"1,383.23",52.879,0.999,8.741
RX,All,Vaccines,Other Prescription Drugs,2015,1.47,0.06,"1,376.10",56.318,1.068,7.799
RX,All,Vaccines,Other Prescription Drugs,2016,1.522,0.062,"1,562.51",63.939,0.974,7.207
RX,All,Vaccines,Other Prescription Drugs,2017,1.606,0.062,"1,607.25",61.713,0.999,7.526
RX,All,Vaccines,Other Prescription Drugs,2018,2.206,0.073,"1,055.70",34.919,2.089,19.815
RX,All,Vitamins,Other Prescription Drugs,2014,2.639,1.132,21.359,9.163,123.534,98.929
RX,All,Vitamins,Other Prescription Drugs,2015,2.863,1.104,22.759,8.779,125.808,98.26
RX,All,Vitamins,Other Prescription Drugs,2016,2.418,1.038,19.261,8.268,125.534,98.042
RX,All,Vitamins,Other Prescription Drugs,2017,2.347,0.901,18.252,7.007,128.566,99.821
RX,All,Vitamins,Other Prescription Drugs,2018,2.354,0.82,18.05,6.289,130.424,97.796
RX,Brand,Anti-Infectives,Antiretrovirals,2014,35.698,1.808,"1,321.89",66.938,27.006,23.123
RX,Brand,Anti-Infectives,Antiretrovirals,2015,41.136,2.186,"1,487.88",79.058,27.648,23.713
RX,Brand,Anti-Infectives,Antiretrovirals,2016,48.662,2.353,"1,700.27",82.199,28.62,25.096
RX,Brand,Anti-Infectives,Antiretrovirals,2017,56.564,2.872,"1,852.28",94.055,30.538,26.811
RX,Brand,Anti-Infectives,Antiretrovirals,2018,63.351,3.443,"2,070.90",112.543,30.591,27.014
RX,Brand,Anti-Infectives,Hepatitis C Antivirals,2014,20.699,0.164,"28,724.43",228.118,0.721,0.786
RX,Brand,Anti-Infectives,Hepatitis C Antivirals,2015,47.429,0.495,"32,745.73",342.097,1.448,1.638
RX,Brand,Anti-Infectives,Hepatitis C Antivirals,2016,31.156,0.328,"31,263.55",328.892,0.997,1.094
RX,Brand,Anti-Infectives,Hepatitis C Antivirals,2017,22.241,0.295,"29,677.78",393.173,0.749,0.815
RX,Brand,Anti-Infectives,Hepatitis C Antivirals,2018,15.508,0.274,"25,818.11",455.544,0.601,0.65
RX,Brand,Anti-Infectives,Other Prescription Drugs,2014,27.707,3.165,"1,344.14",153.552,20.613,39.221
RX,Brand,Anti-Infectives,Other Prescription Drugs,2015,16.502,2.723,"1,045.66",172.562,15.782,29.592
RX,Brand,Anti-Infectives,Other Prescription Drugs,2016,14.792,2.284,"1,218.30",188.104,12.142,23.51
RX,Brand,Anti-Infectives,Other Prescription Drugs,2017,11.775,1.356,"1,466.78",168.861,8.028,12.974
RX,Brand,Anti-Infectives,Other Prescription Drugs,2018,10.759,1.02,"1,725.88",163.644,6.234,9.201
RX,Brand,Antihistamines,Other Prescription Drugs,2014,0.131,0.047,102.541,37.013,1.277,1.311
RX,Brand,Antihistamines,Other Prescription Drugs,2015,0.104,0.037,108.26,38.114,0.959,0.993
RX,Brand,Antihistamines,Other Prescription Drugs,2016,0.106,0.035,106.536,35.492,0.991,1.033
RX,Brand,Antihistamines,Other Prescription Drugs,2017,0.092,0.03,95.204,30.898,0.965,1.012
RX,Brand,Antihistamines,Other Prescription Drugs,2018,0.075,0.025,75.527,24.906,0.99,1.059
RX,Brand,Autonomic,Epi-Pens,2014,0.367,0.071,"1,281.81",248.096,0.286,0.792
RX,Brand,Autonomic,Epi-Pens,2015,0.68,0.094,"1,770.49",243.363,0.384,1.107
RX,Brand,Autonomic,Epi-Pens,2016,0.161,0.004,"4,232.76",117.453,0.038,0.046
RX,Brand,Autonomic,Epi-Pens,2017,1.776,0.125,"6,421.78",452.908,0.277,0.292
RX,Brand,Autonomic,Epi-Pens,2018,3.077,0.188,"11,568.96",707.106,0.266,0.45
RX,Brand,Autonomic,Other Prescription Drugs,2014,5.825,0.868,275.646,41.069,21.131,18.251
RX,Brand,Autonomic,Other Prescription Drugs,2015,6.802,0.704,307.509,31.842,22.118,19.353
RX,Brand,Autonomic,Other Prescription Drugs,2016,7.094,0.724,319.743,32.631,22.187,19.637
RX,Brand,Autonomic,Other Prescription Drugs,2017,8.272,0.772,356.478,33.287,23.204,20.698
RX,Brand,Autonomic,Other Prescription Drugs,2018,9.153,0.826,388.923,35.081,23.533,20.958
RX,Brand,Autonomic,Rescue Inhalers,2014,6.231,2.888,67.606,31.34,92.166,113.796
RX,Brand,Autonomic,Rescue Inhalers,2015,6.512,2.901,69.557,30.984,93.618,116.35
RX,Brand,Autonomic,Rescue Inhalers,2016,6.699,3.089,74.571,34.383,89.831,111.995
RX,Brand,Autonomic,Rescue Inhalers,2017,6.963,3.608,76.731,39.758,90.741,113.404
RX,Brand,Autonomic,Rescue Inhalers,2018,7.129,3.653,78.354,40.145,90.99,113.973
RX,Brand,Bio Response Modifiers,Other Prescription Drugs,2014,46.557,1.357,"5,209.22",151.862,8.937,8.831
RX,Brand,Bio Response Modifiers,Other Prescription Drugs,2015,51.56,1.483,"5,748.78",165.312,8.969,8.893
RX,Brand,Bio Response Modifiers,Other Prescription Drugs,2016,54.678,1.465,"6,373.83",170.778,8.579,8.691
RX,Brand,Bio Response Modifiers,Other Prescription Drugs,2017,58.766,1.537,"6,899.44",180.421,8.518,8.622
RX,Brand,Bio Response Modifiers,Other Prescription Drugs,2018,56.641,1.577,"7,270.04",202.375,7.791,7.895
RX,Brand,Blood,Anticoagulants,2014,4.197,0.604,292.117,42.067,14.368,12.696
RX,Brand,Blood,Anticoagulants,2015,5.884,0.787,320.89,42.935,18.337,15.725
RX,Brand,Blood,Anticoagulants,2016,7.816,1.036,348.101,46.135,22.455,19.107
RX,Brand,Blood,Anticoagulants,2017,10.401,1.37,378.421,49.835,27.485,23.022
RX,Brand,Blood,Anticoagulants,2018,13.242,1.771,405.752,54.257,32.635,26.368
RX,Brand,Blood,Hematopoietics,2014,2.879,0.052,"4,844.83",86.956,0.594,0.85
RX,Brand,Blood,Hematopoietics,2015,3.036,0.055,"5,441.24",98.766,0.558,0.806
RX,Brand,Blood,Hematopoietics,2016,2.694,0.054,"5,678.95",112.823,0.474,0.615
RX,Brand,Blood,Hematopoietics,2017,2.672,0.058,"6,064.70",131.421,0.441,0.54
RX,Brand,Blood,Hematopoietics,2018,2.965,0.058,"6,912.66",134.082,0.429,0.513
RX,Brand,Blood,Hemostatics,2014,8.193,0.037,"54,700.50",250.064,0.15,0.25
RX,Brand,Blood,Hemostatics,2015,10.232,0.049,"62,509.79",301.281,0.164,0.296
RX,Brand,Blood,Hemostatics,2016,11.525,0.057,"56,518.22",277.248,0.204,0.34
RX,Brand,Blood,Hemostatics,2017,11.197,0.074,"50,890.88",334.817,0.22,0.365
RX,Brand,Blood,Hemostatics,2018,10.978,0.074,"48,554.13",327.353,0.226,0.406
RX,Brand,Blood,Other Prescription Drugs,2014,1.727,0.296,239.392,41.03,7.215,5.922
RX,Brand,Blood,Other Prescription Drugs,2015,2.093,0.307,279.966,41.075,7.475,6.034
RX,Brand,Blood,Other Prescription Drugs,2016,2.648,0.372,328.271,46.16,8.066,6.567
RX,Brand,Blood,Other Prescription Drugs,2017,3.015,0.423,364.614,51.173,8.269,6.7
RX,Brand,Blood,Other Prescription Drugs,2018,2.207,0.321,348.608,50.73,6.331,4.989
RX,Brand,Cardiovascular,ACE Inhibitors,2014,0.139,0.045,127.376,40.974,1.091,0.788
RX,Brand,Cardiovascular,ACE Inhibitors,2015,0.126,0.028,195.499,42.734,0.644,0.477
RX,Brand,Cardiovascular,ACE Inhibitors,2016,0.118,0.022,247.056,45.713,0.477,0.36
RX,Brand,Cardiovascular,ACE Inhibitors,2017,0.116,0.019,303.129,48.663,0.381,0.3
RX,Brand,Cardiovascular,ACE Inhibitors,2018,0.114,0.018,323.664,51.936,0.351,0.281
RX,Brand,Cardiovascular,ARBs,2014,8.487,2.379,143.521,40.229,59.132,44.715
RX,Brand,Cardiovascular,ARBs,2015,6.311,1.516,166.162,39.921,37.982,28.277
RX,Brand,Cardiovascular,ARBs,2016,5.551,1.14,199.26,40.927,27.86,20.689
RX,Brand,Cardiovascular,ARBs,2017,3.117,0.619,234.1,46.481,13.316,10.192
RX,Brand,Cardiovascular,ARBs,2018,1.863,0.395,279.707,59.326,6.662,5.255
RX,Brand,Cardiovascular,Beta Blockers,2014,2.877,0.901,95.358,29.88,30.169,23.305
RX,Brand,Cardiovascular,Beta Blockers,2015,3.276,0.858,119.286,31.233,27.465,20.572
RX,Brand,Cardiovascular,Beta Blockers,2016,3.286,0.895,127.498,34.743,25.77,19
RX,Brand,Cardiovascular,Beta Blockers,2017,3.278,0.882,134.697,36.229,24.335,17.568
RX,Brand,Cardiovascular,Beta Blockers,2018,3.081,0.832,139.804,37.76,22.035,15.342
RX,Brand,Cardiovascular,CCBs,2014,1.745,0.394,176.443,39.85,9.888,7.525
RX,Brand,Cardiovascular,CCBs,2015,0.88,0.198,203.111,45.753,4.333,3.295
RX,Brand,Cardiovascular,CCBs,2016,0.602,0.125,233.648,48.358,2.575,1.881
RX,Brand,Cardiovascular,CCBs,2017,0.197,0.05,246.247,62.073,0.799,0.582
RX,Brand,Cardiovascular,CCBs,2018,0.125,0.026,250.819,52.042,0.496,0.349
RX,Brand,Cardiovascular,Other Hyperlipidemia,2014,10.294,1.889,217.042,39.824,47.43,33.17
RX,Brand,Cardiovascular,Other Hyperlipidemia,2015,9.221,1.405,270.237,41.185,34.124,23.16
RX,Brand,Cardiovascular,Other Hyperlipidemia,2016,8.584,1.28,290.406,43.289,29.558,20.212
RX,Brand,Cardiovascular,Other Hyperlipidemia,2017,4.667,0.613,329.616,43.285,14.16,10.025
RX,Brand,Cardiovascular,Other Hyperlipidemia,2018,2.614,0.337,329.25,42.455,7.938,5.661
RX,Brand,Cardiovascular,Other Prescription Drugs,2014,3.032,0.378,317.334,39.614,9.553,8.893
RX,Brand,Cardiovascular,Other Prescription Drugs,2015,2.064,0.323,240.097,37.605,8.597,7.968
RX,Brand,Cardiovascular,Other Prescription Drugs,2016,2.01,0.293,299.315,43.61,6.714,6.142
RX,Brand,Cardiovascular,Other Prescription Drugs,2017,1.857,0.221,405.472,48.348,4.579,3.535
RX,Brand,Cardiovascular,Other Prescription Drugs,2018,1.877,0.226,434.913,52.276,4.317,3.265
RX,Brand,Cardiovascular,PCSK9,2015,0.016,0.001,"1,237.90",98.118,0.013,0.013
RX,Brand,Cardiovascular,PCSK9,2016,0.515,0.054,"1,214.53",127.597,0.424,0.446
RX,Brand,Cardiovascular,PCSK9,2017,1.065,0.115,"1,218.78",131.759,0.874,0.917
RX,Brand,Cardiovascular,PCSK9,2018,1.915,0.204,"1,188.23",126.673,1.611,1.675
RX,Brand,Cardiovascular,Statins,2014,17.877,3.433,178.436,34.268,100.189,72.467
RX,Brand,Cardiovascular,Statins,2015,18.395,3.142,202.464,34.577,90.856,63.95
RX,Brand,Cardiovascular,Statins,2016,12.91,2.143,237.384,39.398,54.385,39.485
RX,Brand,Cardiovascular,Statins,2017,1.93,0.437,252.709,57.286,7.635,5.456
RX,Brand,Cardiovascular,Statins,2018,1.271,0.25,273.603,53.771,4.645,3.163
RX,Brand,Cardiovascular,Viagra,2014,6.045,1.967,233.652,76.012,25.874,33.301
RX,Brand,Cardiovascular,Viagra,2015,7.378,2.13,269.264,77.728,27.401,33.488
RX,Brand,Cardiovascular,Viagra,2016,8.455,2.116,317.435,79.443,26.636,31.477
RX,Brand,Cardiovascular,Viagra,2017,9.326,1.962,392.045,82.485,23.788,27.842
RX,Brand,Cardiovascular,Viagra,2018,6.302,1.141,445.948,80.738,14.133,15.968
RX,Brand,Central Nervous System,Ambien,2014,1.941,0.387,315.719,62.953,6.147,5.684
RX,Brand,Central Nervous System,Ambien,2015,0.727,0.115,340.502,53.794,2.134,1.964
RX,Brand,Central Nervous System,Ambien,2016,0.794,0.126,373.992,59.265,2.123,1.974
RX,Brand,Central Nervous System,Ambien,2017,0.767,0.121,396.521,62.669,1.934,1.809
RX,Brand,Central Nervous System,Ambien,2018,0.802,0.148,413.528,76.331,1.94,1.822
RX,Brand,Central Nervous System,Amphetamines,2014,14.63,2.903,220.086,43.663,66.476,62.541
RX,Brand,Central Nervous System,Amphetamines,2015,17.086,3.41,233.032,46.512,73.32,69.446
RX,Brand,Central Nervous System,Amphetamines,2016,19.691,3.885,248.117,48.952,79.36,75.673
RX,Brand,Central Nervous System,Amphetamines,2017,21.439,4.258,261.046,51.842,82.126,78.688
RX,Brand,Central Nervous System,Amphetamines,2018,23.072,4.562,276.021,54.582,83.587,80.363
RX,Brand,Central Nervous System,Anti-convulsants,2014,11.201,1.549,422.536,58.422,26.508,21.444
RX,Brand,Central Nervous System,Anti-convulsants,2015,12.177,1.428,500.757,58.718,24.318,19.639
RX,Brand,Central Nervous System,Anti-convulsants,2016,13.659,1.381,571.013,57.736,23.921,19.475
RX,Brand,Central Nervous System,Anti-convulsants,2017,15.388,1.485,641.473,61.894,23.989,20.017
RX,Brand,Central Nervous System,Anti-convulsants,2018,16.54,1.623,703.128,68.978,23.523,19.866
RX,Brand,Central Nervous System,Anti-depressants,2014,7.894,1.647,246.38,51.401,32.041,25.937
RX,Brand,Central Nervous System,Anti-depressants,2015,8.926,1.562,310.677,54.37,28.73,23.463
RX,Brand,Central Nervous System,Anti-depressants,2016,9.404,1.604,342.878,58.471,27.427,22.605
RX,Brand,Central Nervous System,Anti-depressants,2017,7.681,1.373,378.918,67.731,20.27,16.965
RX,Brand,Central Nervous System,Anti-depressants,2018,7.121,1.252,413.609,72.69,17.217,13.988
RX,Brand,Central Nervous System,Anti-psychotics,2014,18.478,1.699,765.844,70.435,24.128,21.266
RX,Brand,Central Nervous System,Anti-psychotics,2015,12.019,1.32,828.185,90.981,14.512,13.051
RX,Brand,Central Nervous System,Anti-psychotics,2016,7.626,0.802,873.175,91.861,8.734,7.99
RX,Brand,Central Nervous System,Anti-psychotics,2017,7.965,0.676,"1,030.83",87.489,7.726,7.035
RX,Brand,Central Nervous System,Anti-psychotics,2018,9.118,0.718,"1,174.34",92.515,7.765,6.973
RX,Brand,Central Nervous System,Benzos,2014,0.803,0.103,495.537,63.629,1.621,1.666
RX,Brand,Central Nervous System,Benzos,2015,1.12,0.107,747.314,71.191,1.499,1.518
RX,Brand,Central Nervous System,Benzos,2016,1.373,0.112,942.066,76.638,1.457,1.449
RX,Brand,Central Nervous System,Benzos,2017,1.655,0.115,"1,167.35",80.995,1.418,1.409
RX,Brand,Central Nervous System,Benzos,2018,1.838,0.134,"1,339.00",97.812,1.373,1.361
RX,Brand,Central Nervous System,Narcan,2014,0.169,0.018,"1,292.74",136.99,0.131,0.14
RX,Brand,Central Nervous System,Narcan,2015,0.214,0.021,"1,425.42",141.689,0.15,0.163
RX,Brand,Central Nervous System,Narcan,2016,0.637,0.042,"2,443.47",159.917,0.261,0.31
RX,Brand,Central Nervous System,Narcan,2017,0.532,0.048,"1,746.49",157.337,0.304,0.483
RX,Brand,Central Nervous System,Narcan,2018,0.542,0.048,"1,186.82",104.664,0.457,0.918
RX,Brand,Central Nervous System,NSAIDs,2014,6.923,1.398,263.947,53.316,26.228,24.454
RX,Brand,Central Nervous System,NSAIDs,2015,4.566,0.712,427.452,66.666,10.683,12.077
RX,Brand,Central Nervous System,NSAIDs,2016,6.144,0.783,770.727,98.19,7.972,9.234
RX,Brand,Central Nervous System,NSAIDs,2017,5.454,0.802,901.636,132.578,6.049,7.202
RX,Brand,Central Nervous System,NSAIDs,2018,5.674,0.655,"1,002.81",115.711,5.658,6.901
RX,Brand,Central Nervous System,Opioids,2014,13.636,1.5,521.778,57.401,26.134,34.566
RX,Brand,Central Nervous System,Opioids,2015,11.855,1.325,569.388,63.621,20.82,25.704
RX,Brand,Central Nervous System,Opioids,2016,10.447,1.22,570.803,66.682,18.303,22.256
RX,Brand,Central Nervous System,Opioids,2017,8.83,1.127,551.001,70.302,16.025,19.627
RX,Brand,Central Nervous System,Opioids,2018,7.782,1.011,548.051,71.185,14.2,17.214
RX,Brand,Central Nervous System,Other Prescription Drugs,2014,19.476,2.956,410.747,62.349,47.416,47.038
RX,Brand,Central Nervous System,Other Prescription Drugs,2015,20.963,2.786,474.7,63.094,44.161,43.643
RX,Brand,Central Nervous System,Other Prescription Drugs,2016,21.265,2.597,533.641,65.166,39.85,39.783
RX,Brand,Central Nervous System,Other Prescription Drugs,2017,18.669,2.088,593.783,66.426,31.44,31.378
RX,Brand,Central Nervous System,Other Prescription Drugs,2018,16.55,1.539,668.363,62.137,24.762,23.33
RX,Brand,Chemotherapy,Other Prescription Drugs,2014,27.801,0.471,"7,123.61",120.599,3.903,3.901
RX,Brand,Chemotherapy,Other Prescription Drugs,2015,33.334,0.453,"8,241.10",111.916,4.045,4.039
RX,Brand,Chemotherapy,Other Prescription Drugs,2016,41.146,0.528,"8,620.55",110.723,4.773,4.871
RX,Brand,Chemotherapy,Other Prescription Drugs,2017,47.482,0.504,"9,463.65",100.442,5.017,5.186
RX,Brand,Chemotherapy,Other Prescription Drugs,2018,57.402,0.627,"10,442.66",114.136,5.497,6.089
RX,Brand,Devices,Other Prescription Drugs,2014,0.47,0.066,531.507,74.232,0.883,0.923
RX,Brand,Devices,Other Prescription Drugs,2015,0.644,0.075,736.735,86.299,0.874,0.91
RX,Brand,Devices,Other Prescription Drugs,2016,0.542,0.071,767.441,100.056,0.706,0.768
RX,Brand,Devices,Other Prescription Drugs,2017,0.793,0.087,"1,268.63",138.492,0.625,0.683
RX,Brand,Devices,Other Prescription Drugs,2018,0.856,0.103,"1,446.38",174.746,0.592,0.644
RX,Brand,Diagnostic,Other Prescription Drugs,2014,2.033,0.019,"30,468.56",282.775,0.067,0.228
RX,Brand,Diagnostic,Other Prescription Drugs,2015,1.39,0.015,"30,336.76",319.6,0.046,0.156
RX,Brand,Diagnostic,Other Prescription Drugs,2016,1.97,0.013,"47,351.79",321.189,0.042,0.104
RX,Brand,Diagnostic,Other Prescription Drugs,2017,1.395,0.014,"46,142.12",478.711,0.03,0.083
RX,Brand,Diagnostic,Other Prescription Drugs,2018,1.143,0.011,"44,585.08",412.787,0.026,0.07
RX,Brand,EENT,Other Prescription Drugs,2014,13.82,3.69,203.063,54.222,68.057,73.224
RX,Brand,EENT,Other Prescription Drugs,2015,12.871,3.052,246.279,58.396,52.263,57.707
RX,Brand,EENT,Other Prescription Drugs,2016,11.314,2.654,282.535,66.275,40.044,45.601
RX,Brand,EENT,Other Prescription Drugs,2017,11.192,2.521,320.32,72.166,34.939,38.63
RX,Brand,EENT,Other Prescription Drugs,2018,11.356,2.448,358.077,77.205,31.713,33.634
RX,Brand,Enzymes,Other Prescription Drugs,2014,0.999,0.016,"15,904.95",250.938,0.063,0.069
RX,Brand,Enzymes,Other Prescription Drugs,2015,1.019,0.014,"15,704.24",220.314,0.065,0.071
RX,Brand,Enzymes,Other Prescription Drugs,2016,1.966,0.018,"23,538.66",213.433,0.084,0.09
RX,Brand,Enzymes,Other Prescription Drugs,2017,2.273,0.019,"28,490.50",241.519,0.08,0.087
RX,Brand,Enzymes,Other Prescription Drugs,2018,2.407,0.026,"26,877.72",289.26,0.09,0.096
RX,Brand,Gastrointestinal,Other Prescription Drugs,2014,14.308,1.848,587.835,75.911,24.34,35.083
RX,Brand,Gastrointestinal,Other Prescription Drugs,2015,16.422,2.011,604.252,73.997,27.178,38.845
RX,Brand,Gastrointestinal,Other Prescription Drugs,2016,18.844,2.068,653.497,71.701,28.836,41.023
RX,Brand,Gastrointestinal,Other Prescription Drugs,2017,20.192,2.038,718.246,72.496,28.113,41.512
RX,Brand,Gastrointestinal,Other Prescription Drugs,2018,20.562,1.959,764.853,72.864,26.884,39.442
RX,Brand,Gastrointestinal,Proton-Pump Inhibitors,2014,14.009,2.441,235.21,40.978,59.558,46.232
RX,Brand,Gastrointestinal,Proton-Pump Inhibitors,2015,7.716,1.455,243.365,45.876,31.706,25.338
RX,Brand,Gastrointestinal,Proton-Pump Inhibitors,2016,5.971,1.148,264.493,50.866,22.576,18.004
RX,Brand,Gastrointestinal,Proton-Pump Inhibitors,2017,5.015,0.957,271.451,51.793,18.475,14.653
RX,Brand,Gastrointestinal,Proton-Pump Inhibitors,2018,4.413,0.839,282.028,53.6,15.646,12.006
RX,Brand,Heavy Metal Antagonists,Other Prescription Drugs,2014,1.044,0.017,"6,752.21",109.118,0.155,0.136
RX,Brand,Heavy Metal Antagonists,Other Prescription Drugs,2015,1.339,0.017,"9,223.40",114.8,0.145,0.134
RX,Brand,Heavy Metal Antagonists,Other Prescription Drugs,2016,1.52,0.017,"10,079.97",111.735,0.151,0.143
RX,Brand,Heavy Metal Antagonists,Other Prescription Drugs,2017,1.391,0.018,"9,859.38",124.702,0.141,0.136
RX,Brand,Heavy Metal Antagonists,Other Prescription Drugs,2018,1.466,0.017,"11,050.86",127.822,0.133,0.13
RX,Brand,Hormones,Contraceptives,2014,10.145,3.001,88.965,26.315,114.029,91.752
RX,Brand,Hormones,Contraceptives,2015,10.752,2.262,99.918,21.022,107.611,83.095
RX,Brand,Hormones,Contraceptives,2016,11.437,1.791,104.285,16.331,109.675,83.496
RX,Brand,Hormones,Contraceptives,2017,10.267,1.802,134.631,23.633,76.262,55.265
RX,Brand,Hormones,Contraceptives,2018,10.753,1.773,152.662,25.179,70.436,45.904
RX,Brand,Hormones,Diabetes,2014,29.533,3.694,344.098,43.038,85.827,67.582
RX,Brand,Hormones,Diabetes,2015,43.18,4.508,423.968,44.261,101.848,81.122
RX,Brand,Hormones,Diabetes,2016,51.675,5.141,450.897,44.856,114.605,90.881
RX,Brand,Hormones,Diabetes,2017,62.556,5.801,488.315,45.282,128.105,100.332
RX,Brand,Hormones,Diabetes,2018,74.155,6.631,536.447,47.968,138.233,106.306
RX,Brand,Hormones,Insulins,2014,44.432,4.205,383.567,36.303,115.84,86.68
RX,Brand,Hormones,Insulins,2015,51.786,4.18,447.205,36.095,115.8,85.062
RX,Brand,Hormones,Insulins,2016,56.221,4.22,484.175,36.34,116.117,85.377
RX,Brand,Hormones,Insulins,2017,59.573,4.278,506.514,36.372,117.613,85.35
RX,Brand,Hormones,Insulins,2018,62.566,4.539,509.808,36.988,122.724,88.683
RX,Brand,Hormones,Other Prescription Drugs,2014,23.371,4.858,230.345,47.878,101.462,81.887
RX,Brand,Hormones,Other Prescription Drugs,2015,22.943,4.163,278.95,50.617,82.248,65.646
RX,Brand,Hormones,Other Prescription Drugs,2016,23.924,3.944,329.681,54.344,72.567,57.649
RX,Brand,Hormones,Other Prescription Drugs,2017,24.516,3.59,389.599,57.054,62.927,49.609
RX,Brand,Hormones,Other Prescription Drugs,2018,23.683,3.212,437.812,59.385,54.095,42.456
RX,Brand,Hormones,Pituitary,2014,10.112,0.336,"4,379.16",145.407,2.309,2.347
RX,Brand,Hormones,Pituitary,2015,10.63,0.337,"4,729.48",150.121,2.248,2.303
RX,Brand,Hormones,Pituitary,2016,11.793,0.348,"5,152.47",151.834,2.289,2.421
RX,Brand,Hormones,Pituitary,2017,14.071,0.423,"5,554.32",166.882,2.533,2.681
RX,Brand,Hormones,Pituitary,2018,15.515,0.466,"5,839.57",175.422,2.657,2.824
RX,Brand,Hormones,Thyroid,2014,3.143,2.547,26.677,21.62,117.829,90.428
RX,Brand,Hormones,Thyroid,2015,3.343,2.611,29.447,23.004,113.518,84.683
RX,Brand,Hormones,Thyroid,2016,3.338,2.602,31.56,24.595,105.781,78.336
RX,Brand,Hormones,Thyroid,2017,3.347,2.534,33.507,25.361,99.899,72.984
RX,Brand,Hormones,Thyroid,2018,3.558,2.741,35.151,27.079,101.207,71.259
RX,Brand,Metabolic,Other Prescription Drugs,2014,1.891,0.101,361.609,19.337,5.229,3.095
RX,Brand,Metabolic,Other Prescription Drugs,2015,2.602,0.1,515.015,19.706,5.053,2.986
RX,Brand,Metabolic,Other Prescription Drugs,2016,2.9,0.092,614.143,19.524,4.722,2.847
RX,Brand,Metabolic,Other Prescription Drugs,2017,2.554,0.089,598.537,20.935,4.267,2.566
RX,Brand,Metabolic,Other Prescription Drugs,2018,1.958,0.086,514.744,22.602,3.804,2.187
RX,Brand,Miscellaneous,Other Prescription Drugs,2014,13.465,1.416,440.28,46.284,30.583,26.081
RX,Brand,Miscellaneous,Other Prescription Drugs,2015,13.564,1.134,583.014,48.754,23.266,19.485
RX,Brand,Miscellaneous,Other Prescription Drugs,2016,14.454,0.89,825.6,50.816,17.507,14.44
RX,Brand,Miscellaneous,Other Prescription Drugs,2017,15.067,0.893,929.793,55.119,16.205,13.101
RX,Brand,Miscellaneous,Other Prescription Drugs,2018,15.821,0.881,"1,040.72",57.975,15.202,11.989
RX,Brand,Respiratory,CF,2014,4.314,0.106,"3,891.86",95.904,1.109,1.101
RX,Brand,Respiratory,CF,2015,7.18,0.149,"5,138.40",106.917,1.397,1.41
RX,Brand,Respiratory,CF,2016,10.545,0.188,"6,405.29",114.362,1.646,1.693
RX,Brand,Respiratory,CF,2017,12.487,0.23,"7,136.11",131.685,1.75,1.793
RX,Brand,Respiratory,CF,2018,12.689,0.283,"7,089.87",158.118,1.79,1.836
RX,Brand,Respiratory,Inhaled Corticosteroids,2014,20.761,3.745,224.531,40.501,92.462,74.934
RX,Brand,Respiratory,Inhaled Corticosteroids,2015,22.053,3.588,236.395,38.466,93.289,74.914
RX,Brand,Respiratory,Inhaled Corticosteroids,2016,24.504,4.03,253.034,41.617,96.842,78.902
RX,Brand,Respiratory,Inhaled Corticosteroids,2017,27.561,4.55,270.044,44.58,102.062,83.579
RX,Brand,Respiratory,Inhaled Corticosteroids,2018,29.806,4.903,290.683,47.82,102.537,83.751
RX,Brand,Respiratory,Other Prescription Drugs,2014,2.367,0.064,"2,471.41",67.279,0.958,1.271
RX,Brand,Respiratory,Other Prescription Drugs,2015,3.928,0.08,"4,029.44",82.307,0.975,1.149
RX,Brand,Respiratory,Other Prescription Drugs,2016,4.719,0.09,"4,600.94",87.284,1.026,1.198
RX,Brand,Respiratory,Other Prescription Drugs,2017,5.772,0.103,"5,312.60",95.164,1.086,1.273
RX,Brand,Respiratory,Other Prescription Drugs,2018,10.144,0.139,"7,691.89",105.192,1.319,1.541
RX,Brand,Respiratory,Singular,2014,0.569,0.052,503.937,45.822,1.129,0.85
RX,Brand,Respiratory,Singular,2015,0.517,0.034,705.697,46.358,0.733,0.541
RX,Brand,Respiratory,Singular,2016,0.486,0.029,856.175,51.322,0.567,0.416
RX,Brand,Respiratory,Singular,2017,0.311,0.021,775.266,51.8,0.401,0.289
RX,Brand,Respiratory,Singular,2018,0.159,0.016,549.681,54.676,0.289,0.198
RX,Brand,Rheumatoid Arthritis,Other Prescription Drugs,2014,62.692,2.988,"3,128.33",149.081,20.04,20.447
RX,Brand,Rheumatoid Arthritis,Other Prescription Drugs,2015,80.04,3.571,"3,712.14",165.629,21.562,22.116
RX,Brand,Rheumatoid Arthritis,Other Prescription Drugs,2016,102.859,3.969,"4,470.70",172.496,23.007,23.998
RX,Brand,Rheumatoid Arthritis,Other Prescription Drugs,2017,126.673,4.747,"4,992.75",187.1,25.371,26.468
RX,Brand,Rheumatoid Arthritis,Other Prescription Drugs,2018,143.769,5.745,"5,316.82",212.465,27.041,28.104
RX,Brand,Skin,Other Prescription Drugs,2014,23.028,3.015,594.796,77.888,38.715,44.136
RX,Brand,Skin,Other Prescription Drugs,2015,27.86,3.516,743.8,93.867,37.456,40.596
RX,Brand,Skin,Other Prescription Drugs,2016,31.675,3.39,994.705,106.461,31.844,34.266
RX,Brand,Skin,Other Prescription Drugs,2017,41.895,3.235,"1,448.20",111.842,28.929,29.676
RX,Brand,Skin,Other Prescription Drugs,2018,58.558,3.633,"2,068.94",128.344,28.304,28.15
RX,Brand,Smooth Muscle Relaxants,Other Prescription Drugs,2014,1.897,0.371,212.686,41.611,8.919,6.775
RX,Brand,Smooth Muscle Relaxants,Other Prescription Drugs,2015,1.715,0.296,243.908,42.126,7.033,5.243
RX,Brand,Smooth Muscle Relaxants,Other Prescription Drugs,2016,1.874,0.293,276.877,43.254,6.767,5.056
RX,Brand,Smooth Muscle Relaxants,Other Prescription Drugs,2017,1.971,0.28,308.363,43.865,6.391,4.716
RX,Brand,Smooth Muscle Relaxants,Other Prescription Drugs,2018,1.934,0.27,334.913,46.703,5.773,4.186
RX,Brand,Vaccines,Other Prescription Drugs,2014,1.312,0.052,"1,326.72",52.699,0.989,8.727
RX,Brand,Vaccines,Other Prescription Drugs,2015,1.412,0.059,"1,334.29",55.675,1.058,7.78
RX,Brand,Vaccines,Other Prescription Drugs,2016,1.51,0.056,"1,662.31",61.526,0.908,6.993
RX,Brand,Vaccines,Other Prescription Drugs,2017,1.588,0.054,"1,722.40",58.372,0.922,7.259
RX,Brand,Vaccines,Other Prescription Drugs,2018,2.18,0.065,"1,090.01",32.629,2,19.71
RX,Brand,Vitamins,Other Prescription Drugs,2014,0.806,0.241,124.162,37.079,6.493,5.639
RX,Brand,Vitamins,Other Prescription Drugs,2015,0.971,0.248,149.041,38.008,6.513,5.76
RX,Brand,Vitamins,Other Prescription Drugs,2016,1.044,0.238,194.646,44.334,5.365,4.915
RX,Brand,Vitamins,Other Prescription Drugs,2017,1.091,0.231,216.273,45.772,5.046,4.564
RX,Brand,Vitamins,Other Prescription Drugs,2018,1.066,0.218,238.254,48.652,4.473,4.021
RX,Generic,Anti-Infectives,Antiretrovirals,2014,0.67,0.037,354.338,19.336,1.892,1.491
RX,Generic,Anti-Infectives,Antiretrovirals,2015,0.602,0.037,337.346,20.671,1.785,1.409
RX,Generic,Anti-Infectives,Antiretrovirals,2016,0.503,0.029,338.771,19.535,1.486,1.19
RX,Generic,Anti-Infectives,Antiretrovirals,2017,0.618,0.035,404.737,22.658,1.526,1.248
RX,Generic,Anti-Infectives,Antiretrovirals,2018,1.46,0.088,470.242,28.482,3.105,2.51
RX,Generic,Anti-Infectives,Other Prescription Drugs,2014,22.061,9.647,61.26,26.789,360.119,892.333
RX,Generic,Anti-Infectives,Other Prescription Drugs,2015,23.391,9.903,65.079,27.552,359.43,895.445
RX,Generic,Anti-Infectives,Other Prescription Drugs,2016,23.617,9.883,66.961,28.02,352.699,883.58
RX,Generic,Anti-Infectives,Other Prescription Drugs,2017,25.039,10.208,69.783,28.448,358.818,911.837
RX,Generic,Anti-Infectives,Other Prescription Drugs,2018,25.348,10.579,71.225,29.726,355.884,901.825
RX,Generic,Antihistamines,Other Prescription Drugs,2014,0.833,0.418,26.261,13.183,31.704,43.654
RX,Generic,Antihistamines,Other Prescription Drugs,2015,0.747,0.391,23.566,12.336,31.698,41.61
RX,Generic,Antihistamines,Other Prescription Drugs,2016,0.729,0.41,20.706,11.628,35.221,43.586
RX,Generic,Antihistamines,Other Prescription Drugs,2017,0.688,0.357,20.08,10.42,34.241,42.176
RX,Generic,Antihistamines,Other Prescription Drugs,2018,0.636,0.311,20.101,9.834,31.664,38.532
RX,Generic,Autonomic,Epi-Pens,2014,4.546,0.761,"1,102.23",184.601,4.124,12.152
RX,Generic,Autonomic,Epi-Pens,2015,6.289,0.893,"1,440.93",204.53,4.365,12.935
RX,Generic,Autonomic,Epi-Pens,2016,8.333,1.032,"1,799.93",222.903,4.629,13.569
RX,Generic,Autonomic,Epi-Pens,2017,4.993,0.697,"1,272.11",177.652,3.925,11.905
RX,Generic,Autonomic,Epi-Pens,2018,3.085,0.531,910.324,156.604,3.389,10.321
RX,Generic,Autonomic,Other Prescription Drugs,2014,4.943,1.847,31.424,11.74,157.309,181.043
RX,Generic,Autonomic,Other Prescription Drugs,2015,5.259,1.835,32.645,11.39,161.088,183.344
RX,Generic,Autonomic,Other Prescription Drugs,2016,5.503,1.852,33.666,11.33,163.471,185.332
RX,Generic,Autonomic,Other Prescription Drugs,2017,4.952,1.667,29.303,9.864,169.004,190.601
RX,Generic,Autonomic,Other Prescription Drugs,2018,4.526,1.605,26.553,9.415,170.434,191.091
RX,Generic,Autonomic,Rescue Inhalers,2014,0.715,0.224,63.418,19.899,11.267,22.858
RX,Generic,Autonomic,Rescue Inhalers,2015,0.599,0.199,54.466,18.115,10.99,22.236
RX,Generic,Autonomic,Rescue Inhalers,2016,0.563,0.197,53.149,18.622,10.597,21.523
RX,Generic,Autonomic,Rescue Inhalers,2017,0.632,0.226,55.346,19.785,11.423,22.749
RX,Generic,Autonomic,Rescue Inhalers,2018,0.613,0.224,55.604,20.343,11.022,22.514
RX,Generic,Bio Response Modifiers,Other Prescription Drugs,2015,0.496,0.003,"4,452.38",24.22,0.111,0.113
RX,Generic,Bio Response Modifiers,Other Prescription Drugs,2016,0.804,0.009,"4,352.23",51.284,0.185,0.184
RX,Generic,Bio Response Modifiers,Other Prescription Drugs,2017,0.829,0.013,"4,477.30",68.19,0.185,0.182
RX,Generic,Bio Response Modifiers,Other Prescription Drugs,2018,1.112,0.032,"4,285.14",122.15,0.26,0.264
RX,Generic,Blood,Anticoagulants,2014,2.663,0.361,84.39,11.433,31.556,27.34
RX,Generic,Blood,Anticoagulants,2015,2.184,0.303,74.296,10.32,29.401,24.894
RX,Generic,Blood,Anticoagulants,2016,2.012,0.269,74.955,10.028,26.84,22.668
RX,Generic,Blood,Anticoagulants,2017,1.839,0.245,72.603,9.665,25.331,21.108
RX,Generic,Blood,Anticoagulants,2018,1.578,0.226,69.147,9.903,22.817,19.021
RX,Generic,Blood,Hematopoietics,2016,0.343,0.007,"8,260.21",158.224,0.042,0.145
RX,Generic,Blood,Hematopoietics,2017,0.555,0.009,"6,883.76",114.324,0.081,0.212
RX,Generic,Blood,Hematopoietics,2018,0.655,0.013,"6,509.51",128.547,0.101,0.251
RX,Generic,Blood,Hemostatics,2014,0.179,0.034,484.076,93.024,0.369,1.158
RX,Generic,Blood,Hemostatics,2015,0.144,0.033,453.78,102.915,0.316,1.096
RX,Generic,Blood,Hemostatics,2016,0.113,0.034,382.372,117.119,0.294,1.061
RX,Generic,Blood,Hemostatics,2017,0.114,0.037,389.438,126.472,0.292,1.042
RX,Generic,Blood,Hemostatics,2018,0.124,0.043,364.841,125.96,0.34,1.159
RX,Generic,Blood,Other Prescription Drugs,2014,0.885,0.374,20.471,8.656,43.235,31.824
RX,Generic,Blood,Other Prescription Drugs,2015,0.657,0.303,16.032,7.385,41.004,29.354
RX,Generic,Blood,Other Prescription Drugs,2016,0.645,0.296,16.411,7.52,39.308,28.183
RX,Generic,Blood,Other Prescription Drugs,2017,0.687,0.278,17.391,7.031,39.516,28.067
RX,Generic,Blood,Other Prescription Drugs,2018,0.928,0.315,22.606,7.661,41.06,28.254
RX,Generic,Cardiovascular,ACE Inhibitors,2014,3.434,2.504,7.214,5.261,476.06,329.631
RX,Generic,Cardiovascular,ACE Inhibitors,2015,3.333,2.391,6.967,4.998,478.358,322.254
RX,Generic,Cardiovascular,ACE Inhibitors,2016,3.204,2.346,6.667,4.881,480.588,324.05
RX,Generic,Cardiovascular,ACE Inhibitors,2017,3.148,2.128,6.361,4.3,494.894,327.613
RX,Generic,Cardiovascular,ACE Inhibitors,2018,2.833,1.932,5.678,3.873,498.843,318.825
RX,Generic,Cardiovascular,ARBs,2014,4.856,2.196,20.296,9.179,239.267,172.198
RX,Generic,Cardiovascular,ARBs,2015,4.283,2.17,15.903,8.057,269.309,189.81
RX,Generic,Cardiovascular,ARBs,2016,4.472,2.357,15.364,8.098,291.05,204.599
RX,Generic,Cardiovascular,ARBs,2017,5.279,2.568,16.189,7.875,326.111,224.272
RX,Generic,Cardiovascular,ARBs,2018,4.986,2.624,14.036,7.387,355.226,235.197
RX,Generic,Cardiovascular,Beta Blockers,2014,5.248,2.919,14.269,7.938,367.799,264.214
RX,Generic,Cardiovascular,Beta Blockers,2015,4.732,2.718,12.896,7.406,366.977,257.46
RX,Generic,Cardiovascular,Beta Blockers,2016,4.815,2.766,13.107,7.528,367.38,258.799
RX,Generic,Cardiovascular,Beta Blockers,2017,5.061,2.683,13.359,7.082,378.876,264.872
RX,Generic,Cardiovascular,Beta Blockers,2018,5.249,2.723,13.541,7.024,387.671,262.896
RX,Generic,Cardiovascular,CCBs,2014,3.909,2.078,14.473,7.695,270.118,196.006
RX,Generic,Cardiovascular,CCBs,2015,3.784,2.01,13.646,7.25,277.284,194.606
RX,Generic,Cardiovascular,CCBs,2016,3.592,1.943,12.596,6.813,285.133,199.412
RX,Generic,Cardiovascular,CCBs,2017,3.772,1.893,12.521,6.284,301.25,206.364
RX,Generic,Cardiovascular,CCBs,2018,3.726,1.893,11.796,5.994,315.891,209.008
RX,Generic,Cardiovascular,Other Hyperlipidemia,2014,6.064,1.379,67.336,15.312,90.049,62.618
RX,Generic,Cardiovascular,Other Hyperlipidemia,2015,4.826,1.222,56.5,14.305,85.416,58.319
RX,Generic,Cardiovascular,Other Hyperlipidemia,2016,4.119,1.143,51.412,14.272,80.11,54.661
RX,Generic,Cardiovascular,Other Hyperlipidemia,2017,5.45,1.35,60.591,15.012,89.951,60.297
RX,Generic,Cardiovascular,Other Hyperlipidemia,2018,4.53,1.377,49.018,14.899,92.417,60.54
RX,Generic,Cardiovascular,Other Prescription Drugs,2014,2.264,0.947,19.591,8.194,115.545,89.599
RX,Generic,Cardiovascular,Other Prescription Drugs,2015,2.216,0.905,18.769,7.664,118.045,89.996
RX,Generic,Cardiovascular,Other Prescription Drugs,2016,2.375,0.948,19.387,7.737,122.518,94.11
RX,Generic,Cardiovascular,Other Prescription Drugs,2017,2.596,0.991,19.583,7.475,132.549,102.293
RX,Generic,Cardiovascular,Other Prescription Drugs,2018,2.588,1.036,18.465,7.39,140.149,105.5
RX,Generic,Cardiovascular,Statins,2014,8.951,4.295,15.158,7.274,590.485,399.964
RX,Generic,Cardiovascular,Statins,2015,7.771,4.016,13.118,6.779,592.397,388.137
RX,Generic,Cardiovascular,Statins,2016,10.127,4.389,16.229,7.033,624.014,408.063
RX,Generic,Cardiovascular,Statins,2017,11.305,5.204,16.287,7.498,694.143,449.978
RX,Generic,Cardiovascular,Statins,2018,10.459,4.905,14.691,6.889,711.97,446.01
RX,Generic,Cardiovascular,Viagra,2014,0.265,0.072,51.739,14.031,5.126,4.251
RX,Generic,Cardiovascular,Viagra,2015,0.211,0.065,35.27,10.852,5.996,5.093
RX,Generic,Cardiovascular,Viagra,2016,0.197,0.059,33.35,9.97,5.918,5.128
RX,Generic,Cardiovascular,Viagra,2017,0.255,0.069,39.582,10.656,6.452,5.802
RX,Generic,Cardiovascular,Viagra,2018,1.763,0.348,132.929,26.235,13.262,13.889
RX,Generic,Central Nervous System,Ambien,2014,2.972,1.429,19.9,9.57,149.352,145.876
RX,Generic,Central Nervous System,Ambien,2015,2.409,1.345,16.279,9.088,147.955,143.296
RX,Generic,Central Nervous System,Ambien,2016,2.267,1.319,15.622,9.09,145.086,140.849
RX,Generic,Central Nervous System,Ambien,2017,2.109,1.215,14.4,8.295,146.431,142.733
RX,Generic,Central Nervous System,Ambien,2018,1.952,1.16,13.484,8.01,144.774,141.867
RX,Generic,Central Nervous System,Amphetamines,2014,6.503,1.732,81.063,21.59,80.219,76.912
RX,Generic,Central Nervous System,Amphetamines,2015,5.334,1.714,64.342,20.676,82.904,79.975
RX,Generic,Central Nervous System,Amphetamines,2016,5.852,1.835,66.655,20.907,87.789,85.08
RX,Generic,Central Nervous System,Amphetamines,2017,6.144,2.004,64.847,21.15,94.746,92.285
RX,Generic,Central Nervous System,Amphetamines,2018,6.127,2.104,62.018,21.293,98.802,96.568
RX,Generic,Central Nervous System,Anti-convulsants,2014,6.43,2.082,31.786,10.294,202.293,170.538
RX,Generic,Central Nervous System,Anti-convulsants,2015,6.349,2.068,29.841,9.718,212.771,176.311
RX,Generic,Central Nervous System,Anti-convulsants,2016,6.377,2.17,28.381,9.656,224.707,186.209
RX,Generic,Central Nervous System,Anti-convulsants,2017,6.473,2.201,26.818,9.118,241.377,198.861
RX,Generic,Central Nervous System,Anti-convulsants,2018,6.792,2.278,27.131,9.098,250.329,201.857
RX,Generic,Central Nervous System,Anti-depressants,2014,22.911,8.461,26.194,9.674,874.64,698.085
RX,Generic,Central Nervous System,Anti-depressants,2015,18.173,8.309,20.21,9.24,899.231,703.704
RX,Generic,Central Nervous System,Anti-depressants,2016,17.964,8.575,19.19,9.161,936.109,732.951
RX,Generic,Central Nervous System,Anti-depressants,2017,18.306,8.739,18.038,8.612,"1,014.81",785.955
RX,Generic,Central Nervous System,Anti-depressants,2018,16.823,8.863,15.718,8.281,"1,070.27",801.795
RX,Generic,Central Nervous System,Anti-psychotics,2014,1.638,0.524,42.381,13.566,38.653,34.302
RX,Generic,Central Nervous System,Anti-psychotics,2015,6.929,0.618,143.303,12.771,48.355,42.5
RX,Generic,Central Nervous System,Anti-psychotics,2016,8.8,0.925,152.532,16.029,57.694,50.688
RX,Generic,Central Nervous System,Anti-psychotics,2017,5.548,0.956,86.652,14.933,64.023,56.195
RX,Generic,Central Nervous System,Anti-psychotics,2018,4.54,0.993,68.254,14.925,66.521,58.297
RX,Generic,Central Nervous System,Benzos,2014,2.52,1.843,10.864,7.948,231.907,265.66
RX,Generic,Central Nervous System,Benzos,2015,2.303,1.683,10.358,7.57,222.333,254.401
RX,Generic,Central Nervous System,Benzos,2016,2.195,1.608,10.319,7.556,212.762,244.732
RX,Generic,Central Nervous System,Benzos,2017,1.859,1.167,9.075,5.695,204.843,237.469
RX,Generic,Central Nervous System,Benzos,2018,1.636,0.949,8.723,5.06,187.525,219.309
RX,Generic,Central Nervous System,Narcan,2014,0.048,0.017,37.417,12.851,1.295,1.232
RX,Generic,Central Nervous System,Narcan,2015,0.058,0.021,33.181,12.162,1.741,1.645
RX,Generic,Central Nervous System,Narcan,2016,0.066,0.026,31.138,12.369,2.113,1.974
RX,Generic,Central Nervous System,Narcan,2017,0.102,0.037,34.234,12.338,2.976,2.746
RX,Generic,Central Nervous System,Narcan,2018,0.134,0.047,36.018,12.474,3.731,3.419
RX,Generic,Central Nervous System,NSAIDs,2014,3.508,1.83,17.743,9.257,197.736,232.636
RX,Generic,Central Nervous System,NSAIDs,2015,5.099,2.244,23.325,10.265,218.608,250.034
RX,Generic,Central Nervous System,NSAIDs,2016,5.275,2.224,23.533,9.923,224.156,257.04
RX,Generic,Central Nervous System,NSAIDs,2017,4.63,2.087,19.55,8.813,236.832,270.661
RX,Generic,Central Nervous System,NSAIDs,2018,5.051,2.047,20.815,8.437,242.677,277.283
RX,Generic,Central Nervous System,Opioids,2014,12.054,4.648,51.84,19.99,232.526,472.995
RX,Generic,Central Nervous System,Opioids,2015,11.849,4.268,54.459,19.615,217.569,432.012
RX,Generic,Central Nervous System,Opioids,2016,11,4.016,53.658,19.591,204.998,403.078
RX,Generic,Central Nervous System,Opioids,2017,9.305,3.244,49.428,17.232,188.249,370.748
RX,Generic,Central Nervous System,Opioids,2018,6.557,2.35,46.577,16.697,140.771,294.875
RX,Generic,Central Nervous System,Other Prescription Drugs,2014,12.598,3.068,90.019,21.923,139.948,157.131
RX,Generic,Central Nervous System,Other Prescription Drugs,2015,12.148,2.948,87.265,21.176,139.212,156.048
RX,Generic,Central Nervous System,Other Prescription Drugs,2016,12.502,2.921,87.059,20.339,143.602,157.668
RX,Generic,Central Nervous System,Other Prescription Drugs,2017,14.168,3.284,91.434,21.191,154.956,168.943
RX,Generic,Central Nervous System,Other Prescription Drugs,2018,14.803,3.717,90.475,22.718,163.619,176.73
RX,Generic,Chemotherapy,Other Prescription Drugs,2014,4.658,0.581,97.403,12.152,47.826,39.003
RX,Generic,Chemotherapy,Other Prescription Drugs,2015,5.018,0.537,103.596,11.083,48.442,38.718
RX,Generic,Chemotherapy,Other Prescription Drugs,2016,5.139,0.546,103.285,10.966,49.759,39.846
RX,Generic,Chemotherapy,Other Prescription Drugs,2017,7.128,0.485,157.283,10.709,45.317,36.475
RX,Generic,Chemotherapy,Other Prescription Drugs,2018,6.501,0.474,167.62,12.225,38.785,32.187
RX,Generic,Devices,Other Prescription Drugs,2014,0.314,0.041,584.887,76.945,0.537,0.535
RX,Generic,Devices,Other Prescription Drugs,2015,0.337,0.047,563.308,78.296,0.598,0.617
RX,Generic,Devices,Other Prescription Drugs,2016,0.365,0.066,526.649,94.83,0.692,0.736
RX,Generic,Devices,Other Prescription Drugs,2017,0.096,0.032,342.546,114.183,0.279,0.294
RX,Generic,Devices,Other Prescription Drugs,2018,0.102,0.03,409.974,121.743,0.248,0.264
RX,Generic,Diagnostic,Other Prescription Drugs,2014,0.001,0,597.459,132.274,0.001,0.007
RX,Generic,Diagnostic,Other Prescription Drugs,2015,0.001,0,346.499,85.619,0.002,0.007
RX,Generic,Diagnostic,Other Prescription Drugs,2016,0.001,0,587.974,108.926,0.001,0.005
RX,Generic,Diagnostic,Other Prescription Drugs,2017,0.001,0,575.656,125.792,0.001,0.006
RX,Generic,Diagnostic,Other Prescription Drugs,2018,0.001,0,477.61,130.639,0.001,0.008
RX,Generic,EENT,Other Prescription Drugs,2014,6.997,3.448,30.119,14.84,232.321,254.839
RX,Generic,EENT,Other Prescription Drugs,2015,6.242,3.002,33.879,16.292,184.242,211.359
RX,Generic,EENT,Other Prescription Drugs,2016,6.843,2.868,40.578,17.005,168.637,195.12
RX,Generic,EENT,Other Prescription Drugs,2017,7.332,2.864,41.156,16.074,178.143,207.537
RX,Generic,EENT,Other Prescription Drugs,2018,6.993,2.962,39.253,16.624,178.164,209.348
RX,Generic,Enzymes,Other Prescription Drugs,2014,0.078,0.001,"8,180.05",110.47,0.01,0.013
RX,Generic,Enzymes,Other Prescription Drugs,2015,0.139,0.003,"8,867.04",193.721,0.016,0.02
RX,Generic,Enzymes,Other Prescription Drugs,2016,0.087,0.003,"8,831.41",276.404,0.01,0.013
RX,Generic,Enzymes,Other Prescription Drugs,2017,0.142,0.005,"9,771.07",326.201,0.015,0.018
RX,Generic,Enzymes,Other Prescription Drugs,2018,0.214,0.006,"10,219.24",294.919,0.021,0.023
RX,Generic,Gastrointestinal,Other Prescription Drugs,2014,3.33,1.168,51.774,18.17,64.309,105.906
RX,Generic,Gastrointestinal,Other Prescription Drugs,2015,3.433,1.113,55.106,17.862,62.303,103.861
RX,Generic,Gastrointestinal,Other Prescription Drugs,2016,3.668,1.097,57.79,17.28,63.467,104.66
RX,Generic,Gastrointestinal,Other Prescription Drugs,2017,4.933,1.122,69.903,15.906,70.569,114.027
RX,Generic,Gastrointestinal,Other Prescription Drugs,2018,5.752,1.255,78.071,17.032,73.678,120.119
RX,Generic,Gastrointestinal,Proton-Pump Inhibitors,2014,5.27,2.428,19.271,8.878,273.485,209.247
RX,Generic,Gastrointestinal,Proton-Pump Inhibitors,2015,7.508,2.487,25.38,8.409,295.802,218.402
RX,Generic,Gastrointestinal,Proton-Pump Inhibitors,2016,7.592,2.491,25.605,8.402,296.486,218.68
RX,Generic,Gastrointestinal,Proton-Pump Inhibitors,2017,6.577,2.411,21.959,8.05,299.508,220.785
RX,Generic,Gastrointestinal,Proton-Pump Inhibitors,2018,4.93,2.273,16.499,7.607,298.79,213.213
RX,Generic,Heavy Metal Antagonists,Other Prescription Drugs,2014,0.023,0.001,"2,376.26",62.794,0.01,0.007
RX,Generic,Heavy Metal Antagonists,Other Prescription Drugs,2015,0.065,0,"4,852.18",35.958,0.013,0.008
RX,Generic,Heavy Metal Antagonists,Other Prescription Drugs,2016,0.088,0.001,"5,145.41",57.851,0.017,0.009
RX,Generic,Heavy Metal Antagonists,Other Prescription Drugs,2017,0.105,0.001,"7,523.10",82.237,0.014,0.011
RX,Generic,Heavy Metal Antagonists,Other Prescription Drugs,2018,0.188,0.001,"17,240.99",60.605,0.011,0.011
RX,Generic,Hormones,Contraceptives,2014,9.865,1.255,23.777,3.026,414.894,306.94
RX,Generic,Hormones,Contraceptives,2015,9.138,1.1,21.727,2.615,420.58,306.355
RX,Generic,Hormones,Contraceptives,2016,9.365,0.948,21.744,2.201,430.705,311.401
RX,Generic,Hormones,Contraceptives,2017,10.698,0.76,22.087,1.569,484.361,331.382
RX,Generic,Hormones,Contraceptives,2018,10.765,0.773,21.744,1.561,495.064,309.844
RX,Generic,Hormones,Diabetes,2014,5.068,2.003,15.467,6.114,327.633,226.508
RX,Generic,Hormones,Diabetes,2015,4.767,1.853,14.029,5.455,339.76,228.405
RX,Generic,Hormones,Diabetes,2016,6.81,1.928,19.153,5.424,355.542,239.087
RX,Generic,Hormones,Diabetes,2017,6.317,1.872,16.619,4.925,380.126,251.619
RX,Generic,Hormones,Diabetes,2018,4.655,1.791,12.029,4.628,387.005,248.622
RX,Generic,Hormones,Insulins,2014,0,0,169.627,38.782,0.002,0.001
RX,Generic,Hormones,Insulins,2015,0,0,30.279,0,0,0
RX,Generic,Hormones,Insulins,2016,0,0,170.331,18.189,0.001,0.001
RX,Generic,Hormones,Insulins,2017,0,0,199.966,40.066,0,0
RX,Generic,Hormones,Insulins,2018,0,0,224.85,30,0,0
RX,Generic,Hormones,Other Prescription Drugs,2014,7.997,2.887,41.747,15.073,191.556,253.549
RX,Generic,Hormones,Other Prescription Drugs,2015,8.435,3.025,42.408,15.21,198.898,264.608
RX,Generic,Hormones,Other Prescription Drugs,2016,8.772,3.211,42.886,15.699,204.536,274.526
RX,Generic,Hormones,Other Prescription Drugs,2017,10.012,3.404,43.996,14.958,227.568,299.962
RX,Generic,Hormones,Other Prescription Drugs,2018,11.397,3.8,45.983,15.332,247.856,315.178
RX,Generic,Hormones,Pituitary,2014,0.337,0.062,114.153,21.135,2.952,2.736
RX,Generic,Hormones,Pituitary,2015,0.362,0.066,121.519,22.329,2.978,2.756
RX,Generic,Hormones,Pituitary,2016,0.343,0.064,117.28,21.835,2.922,2.698
RX,Generic,Hormones,Pituitary,2017,0.324,0.063,109.692,21.407,2.957,2.7
RX,Generic,Hormones,Pituitary,2018,0.296,0.063,104.387,22.068,2.839,2.571
RX,Generic,Hormones,Thyroid,2014,3.527,2.464,10.882,7.601,324.155,228.792
RX,Generic,Hormones,Thyroid,2015,3.996,2.674,11.888,7.955,336.143,232.556
RX,Generic,Hormones,Thyroid,2016,4.231,2.863,11.991,8.115,352.807,245.063
RX,Generic,Hormones,Thyroid,2017,4.397,2.935,11.724,7.826,375.062,256.159
RX,Generic,Hormones,Thyroid,2018,4.591,3.112,11.875,8.05,386.611,255.566
RX,Generic,Metabolic,Other Prescription Drugs,2014,2.949,1.612,9.992,5.463,295.117,214.094
RX,Generic,Metabolic,Other Prescription Drugs,2015,2.851,1.527,9.805,5.252,290.827,206.836
RX,Generic,Metabolic,Other Prescription Drugs,2016,2.897,1.516,10.008,5.236,289.456,206.878
RX,Generic,Metabolic,Other Prescription Drugs,2017,3.274,1.393,10.948,4.658,299.046,211.947
RX,Generic,Metabolic,Other Prescription Drugs,2018,3.598,1.362,11.853,4.486,303.532,208.995
RX,Generic,Miscellaneous,Other Prescription Drugs,2014,3.574,0.875,34.821,8.524,102.63,75.304
RX,Generic,Miscellaneous,Other Prescription Drugs,2015,4.508,1.041,40.919,9.451,110.156,80.658
RX,Generic,Miscellaneous,Other Prescription Drugs,2016,4.632,1.131,40.546,9.898,114.246,83.773
RX,Generic,Miscellaneous,Other Prescription Drugs,2017,4.569,1.124,38.352,9.432,119.144,86.376
RX,Generic,Miscellaneous,Other Prescription Drugs,2018,4.485,1.07,36.992,8.822,121.251,85.678
RX,Generic,Respiratory,CF,2014,0.007,0.001,118.477,15.378,0.056,0.083
RX,Generic,Respiratory,CF,2015,0.006,0.001,127.422,16.589,0.048,0.071
RX,Generic,Respiratory,CF,2016,0.007,0.001,135.28,16.377,0.052,0.078
RX,Generic,Respiratory,CF,2017,0.01,0.001,173.476,14.854,0.057,0.081
RX,Generic,Respiratory,CF,2018,0.008,0.001,169.87,13.533,0.049,0.069
RX,Generic,Respiratory,Inhaled Corticosteroids,2014,1.983,0.172,392.469,34.074,5.052,5.179
RX,Generic,Respiratory,Inhaled Corticosteroids,2015,1.907,0.159,392.481,32.663,4.86,4.887
RX,Generic,Respiratory,Inhaled Corticosteroids,2016,1.963,0.163,397.681,33.013,4.937,4.905
RX,Generic,Respiratory,Inhaled Corticosteroids,2017,1.88,0.164,371.611,32.465,5.059,4.961
RX,Generic,Respiratory,Inhaled Corticosteroids,2018,1.661,0.177,299.166,31.854,5.551,5.295
RX,Generic,Respiratory,Other Prescription Drugs,2014,1.703,0.98,60.158,34.64,28.303,91.113
RX,Generic,Respiratory,Other Prescription Drugs,2015,1.563,0.95,55.535,33.768,28.142,91.69
RX,Generic,Respiratory,Other Prescription Drugs,2016,1.551,0.952,54.519,33.468,28.453,91.971
RX,Generic,Respiratory,Other Prescription Drugs,2017,1.561,0.926,53.145,31.532,29.372,96.668
RX,Generic,Respiratory,Other Prescription Drugs,2018,1.469,0.855,52.724,30.701,27.858,93.797
RX,Generic,Respiratory,Singular,2014,2.659,1.127,22.485,9.53,118.265,92.678
RX,Generic,Respiratory,Singular,2015,2.144,1.065,17.215,8.553,124.512,95.225
RX,Generic,Respiratory,Singular,2016,2.198,1.126,16.764,8.59,131.101,100.153
RX,Generic,Respiratory,Singular,2017,2.178,1.126,15.551,8.042,140.039,104.061
RX,Generic,Respiratory,Singular,2018,2.141,1.124,14.716,7.724,145.49,103.475
RX,Generic,Rheumatoid Arthritis,Other Prescription Drugs,2014,0.127,0.031,46.888,11.661,2.699,2.077
RX,Generic,Rheumatoid Arthritis,Other Prescription Drugs,2015,0.204,0.031,78.378,12.021,2.597,1.927
RX,Generic,Rheumatoid Arthritis,Other Prescription Drugs,2016,0.368,0.042,130.264,14.803,2.823,2.047
RX,Generic,Rheumatoid Arthritis,Other Prescription Drugs,2017,0.393,0.046,129.255,15.281,3.04,2.189
RX,Generic,Rheumatoid Arthritis,Other Prescription Drugs,2018,0.399,0.048,128.978,15.538,3.091,2.198
RX,Generic,Skin,Other Prescription Drugs,2014,22.325,4.379,129.504,25.4,172.39,258.708
RX,Generic,Skin,Other Prescription Drugs,2015,26.917,4.882,156.791,28.44,171.675,255.527
RX,Generic,Skin,Other Prescription Drugs,2016,29.254,5.163,172.283,30.406,169.804,256.751
RX,Generic,Skin,Other Prescription Drugs,2017,25.551,5.325,149.254,31.105,171.194,257.41
RX,Generic,Skin,Other Prescription Drugs,2018,22.735,5.291,130.303,30.323,174.476,259.04
RX,Generic,Smooth Muscle Relaxants,Other Prescription Drugs,2014,0.86,0.248,48.483,13.976,17.729,13.439
RX,Generic,Smooth Muscle Relaxants,Other Prescription Drugs,2015,0.912,0.266,48.535,14.172,18.792,13.904
RX,Generic,Smooth Muscle Relaxants,Other Prescription Drugs,2016,0.876,0.273,47.388,14.785,18.496,13.709
RX,Generic,Smooth Muscle Relaxants,Other Prescription Drugs,2017,0.878,0.292,45.478,15.147,19.301,14.303
RX,Generic,Smooth Muscle Relaxants,Other Prescription Drugs,2018,0.82,0.302,41.773,15.385,19.632,14.367
RX,Generic,Vaccines,Other Prescription Drugs,2014,0.07,0.001,"6,764.24",70.068,0.01,0.014
RX,Generic,Vaccines,Other Prescription Drugs,2015,0.058,0.001,"5,966.31",126.971,0.01,0.019
RX,Generic,Vaccines,Other Prescription Drugs,2016,0.012,0.006,186.235,97.206,0.066,0.214
RX,Generic,Vaccines,Other Prescription Drugs,2017,0.018,0.008,233.462,101.563,0.077,0.267
RX,Generic,Vaccines,Other Prescription Drugs,2018,0.025,0.008,285.991,86.3,0.089,0.106
RX,Generic,Vitamins,Other Prescription Drugs,2014,1.464,0.872,12.55,7.469,116.678,92.906
RX,Generic,Vitamins,Other Prescription Drugs,2015,1.406,0.839,11.812,7.046,119.034,92.233
RX,Generic,Vitamins,Other Prescription Drugs,2016,1.362,0.798,11.345,6.647,120.092,93.047
RX,Generic,Vitamins,Other Prescription Drugs,2017,1.252,0.669,10.142,5.419,123.484,95.217
RX,Generic,Vitamins,Other Prescription Drugs,2018,1.287,0.602,10.216,4.782,125.938,93.758
